[
  {
    "type": "profession",
    "id": "russian_men",
    "name": { "male": "Russian men" },
    "description": "A month before the disaster, you arrived in New England to see your brother, but when you found only his gnawed corpse, you were convinced that it was not in vain that you took your machine gun.",
    "points": 1,
    "skills": [ { "level": 1, "name": "dodge" } ],
    "items": {
      "both": {
        "entries": [
          { "item":"ak47","ammo-item": "762_m87","charges": 30 },
          { "item":"akmag30","charges":30 },
        ],
        "items": [
            "tshirt",
            "winter_jacket_army",
            "winter_pants_army",
            "footrags",
            "boots_plate",
            "boxer_briefs",
            "gloves_winter",
            "duffelbag",
            "hat_knit",
        ],
      },
      "male": [ "boxer_briefs" ],
      "female": [ "sports_bra", "boy_shorts" ]
    }
  }
]
